corp_id,county
15,Adams
25,Adams
35,Adams
125,Allen
225,Allen
235,Allen
255,Allen
365,Bartholomew
370,Bartholomew
395,Benton
515,Blackford
615,Boone
630,Boone
665,Boone
670,Brown
750,Carroll
755,Carroll
775,Cass
815,Cass
875,Cass
935,Clark
945,Clark
1000,Clark
1010,Clark
1125,Clay
1150,Clinton
1160,Clinton
1170,Clinton
1180,Clinton
1300,Crawford
1315,Daviess
1375,Daviess
1405,Daviess
1560,Dearborn
1600,Dearborn
1620,Dearborn
1655,Decatur
1730,Decatur
1805,DeKalb
1820,DeKalb
1835,DeKalb
1875,Delaware
1885,Delaware
1895,Delaware
1900,Delaware
1910,Delaware
1940,Delaware
1970,Delaware
2040,Dubois
2100,Dubois
2110,Dubois
2120,Dubois
2155,Elkhart
2260,Elkhart
2270,Elkhart
2275,Elkhart
2285,Elkhart
2305,Elkhart
2315,Elkhart
2395,Fayette
2400,Floyd
2435,Fountain
2440,Fountain
2455,Fountain
2475,Franklin
2645,Fulton
2650,Fulton
2725,Gibson
2735,Gibson
2765,Gibson
2815,Grant
2825,Grant
2855,Grant
2865,Grant
2920,Greene
2940,Greene
2950,Greene
2960,Greene
2980,Greene
3005,Hamilton
3025,Hamilton
3030,Hamilton
3055,Hamilton
3060,Hamilton
3070,Hamilton
3115,Hancock
3125,Hancock
3135,Hancock
3145,Hancock
3160,Harrison
3180,Harrison
3190,Harrison
3295,Hendricks
3305,Hendricks
3315,Hendricks
3325,Hendricks
3330,Hendricks
3335,Hendricks
3405,Henry
3415,Henry
3435,Henry
3445,Henry
3455,Henry
3460,Howard
3470,Howard
3480,Howard
3490,Howard
3500,Howard
3625,Huntington
3640,Jackson
3675,Jackson
3695,Jackson
3710,Jackson
3785,Jasper
3815,Jasper
3945,Jay
3995,Jefferson
4000,Jefferson
4015,Jennings
4145,Johnson
4205,Johnson
4215,Johnson
4225,Johnson
4245,Johnson
4255,Johnson
4315,Knox
4325,Knox
4335,Knox
4345,Kosciusko
4415,Kosciusko
4445,Kosciusko
4455,Whitley
4515,LaGrange
4525,LaGrange
4535,LaGrange
4570,Lake
4580,Lake
4590,Lake
4600,Lake
4615,Lake
4645,Lake
4650,Lake
4660,Lake
4670,Lake
4680,Lake
4690,Lake
4700,Lake
4710,Lake
4720,Lake
4730,Lake
4740,Lake
4760,Lake
4805,LaPorte
4860,LaPorte
4915,LaPorte
4925,LaPorte
4940,LaPorte
4945,LaPorte
5075,Lawrence
5085,Lawrence
5245,Madison
5255,Madison
5265,Madison
5275,Madison
5280,Madison
5300,Marion
5310,Marion
5330,Marion
5340,Marion
5350,Marion
5360,Marion
5370,Marion
5375,Marion
5380,Marion
5385,Marion
5390,Marion
5400,Marion
5455,Marshall
5470,Marshall
5480,Marshall
5485,Marshall
5495,Marshall
5520,Martin
5525,Martin
5615,Miami
5620,Miami
5625,Grant
5635,Miami
5705,Monroe
5740,Monroe
5835,Montgomery
5845,Montgomery
5855,Montgomery
5900,Morgan
5910,Morgan
5925,Morgan
5930,Morgan
5945,Newton
5995,Newton
6055,Noble
6060,Noble
6065,Noble
6080,Ohio
6145,Orange
6155,Orange
6160,Orange
6195,Owen
6260,Parke
6325,Perry
6340,Perry
6350,Perry
6375,Parke
6445,Pike
6455,Porter
6460,Porter
6470,Porter
6510,Porter
6520,Porter
6530,Porter
6550,Porter
6560,Porter
6590,Posey
6600,Posey
6620,Pulaski
6630,Pulaski
6705,Putnam
6715,Putnam
6750,Putnam
6755,Putnam
6795,Randolph
6805,Randolph
6820,Randolph
6825,Randolph
6835,Randolph
6865,Ripley
6895,Franklin
6900,Ripley
6910,Ripley
6995,Rush
7150,St. Joseph
7175,St. Joseph
7200,St. Joseph
7205,St. Joseph
7215,St. Joseph
7230,Scott
7255,Scott
7285,Shelby
7350,Shelby
7360,Shelby
7365,Shelby
7385,Spencer
7445,Spencer
7495,Starke
7515,Starke
7525,Starke
7605,Steuben
7610,DeKalb
7615,Steuben
7645,Sullivan
7715,Sullivan
7775,Switzerland
7855,Tippecanoe
7865,Tippecanoe
7875,Tippecanoe
7935,Tipton
7945,Tipton
7950,Union
7995,Vanderburgh
8010,Vermillion
8020,Vermillion
8030,Vigo
8045,Wabash
8050,Wabash
8060,Wabash
8115,Warren
8130,Warrick
8205,Washington
8215,Washington
8220,Washington
8305,Wayne
8355,Wayne
8360,Wayne
8375,Wayne
8385,Wayne
8425,Wells
8435,Wells
8445,Wells
8515,White
8525,White
8535,White
8565,White
8625,Whitley
8635,Marion
8655,Monroe
8665,Whitley
8675,Marion
8685,Marion
8690,Marion
8940,Marion
8950,Marion
8960,St. Joseph
8970,Marion
8980,Marion
9000,Marion
9004,St. Joseph
9015,Marion
9022,Tippecanoe
9027,St. Joseph
9030,Pike
9035,Marion
9036,Marion
9040,Marion
9043,Elkhart
9045,Marion
9048,St. Joseph
9050,Clark
9055,Lake
9059,Grant
9060,Marion
9064,Bartholomew
9065,Marion
9071,Marion
9074,Marion
9079,Marion
9090,Marion
9100,Marion
9120,Marion
9130,Marion
9135,Marion
9140,Marion
9145,Marion
9150,Marion
9160,Delaware
9165,Marion
9170,Marion
9190,Lake
9195,Allen
9305,Wayne
9310,Lake
9315,Vanderburgh
9320,Floyd
9325,Hamilton
9330,Marion
9331,Marion
9332,Marion
9335,Marion
9337,Marion
9342,Marion
9345,Tippecanoe
9347,Vigo
9350,Allen
9353,Vanderburgh
9355,Howard
9358,Vanderburgh
9365,Marion
9380,Marion
9385,Marion
9395,Marion
9400,Marion
9410,Marion
9425,Marion
9430,Marion
9445,Marion
9460,Lake
9485,Marion
9495,Vanderburgh
9505,Hamilton
9531,Marion
9535,Lake
9536,Lawrence
9537,Marion
9538,Marion
9539,Elkhart
9545,Lake
9555,Lake
9575,Marion
9595,Lake
9605,Marion
9610,Marion
9615,Marion
9620,Delaware
9625,Delaware
9645,Marion
9650,Marion
9651,Marion
9665,Hancock
9670,Marion
9680,Marion
9685,Lake
9690,LaPorte
9705,Lake
9722,Lawrence
9725,Jefferson
9735,Delaware
9737,Marion
9750,Madison
9760,Allen
9785,Marion
9790,Madison
9829,Marion
9835,Monroe
9840,Marion
9855,Hamilton
9870,Porter
9875,Clark
9880,St. Joseph
9885,Lake
9895,Marion
9900,St. Joseph
9905,Marion
9910,Marion
9920,Marion
9925,Marion
9935,Marion
9950,Sullivan
9954,Marion
9955,Rush
9960,St. Joseph
9965,St. Joseph
9970,Marion
9975,Marion
9980,Lake
9985,Monroe
9990,Lake
9995,Shelby
